{
	"Admiration": 0.3398626580059255,
	"Adoration": 0.10335611849497825,
	"Aesthetic Appreciation": 0.29952779515313627,
	"Amusement": 0.3165787987045787,
	"Anger": 0.06127912893055268,
	"Anxiety": 0.3401560578941009,
	"Awe": 0.048743928215387214,
	"Awkwardness": 1.0,
	"Boredom": 0.3070215326142157,
	"Calmness": 0.8110921094432986,
	"Concentration": 0.7235003201870783,
	"Confusion": 0.6224110895698912,
	"Contemplation": 0.7647693094857232,
	"Contempt": 0.22146182932910163,
	"Contentment": 0.31542089326428707,
	"Craving": 0.13523355178956345,
	"Desire": 0.2015153543859586,
	"Determination": 0.33056457839326225,
	"Disappointment": 0.4702058453615416,
	"Disgust": 0.23999852750530715,
	"Distress": 0.3004430690932627,
	"Doubt": 0.3433956453311352,
	"Ecstasy": 0.0,
	"Embarrassment": 0.30848581384828994,
	"Empathic Pain": 0.07495700523035849,
	"Entrancement": 0.0018065861903518055,
	"Envy": 0.10304201882799373,
	"Excitement": 0.12769838841945708,
	"Fear": 0.10617404469170974,
	"Guilt": 0.08895559044509337,
	"Horror": 0.017805007971604763,
	"Interest": 0.42439757435745484,
	"Joy": 0.1999184629323868,
	"Love": 0.11967715498796587,
	"Nostalgia": 0.183676747345675,
	"Pain": 0.029987962563236128,
	"Pride": 0.2789181022923563,
	"Realization": 0.42826824609641434,
	"Relief": 0.22917819576194515,
	"Romance": 0.11942999371997633,
	"Sadness": 0.020248485685070924,
	"Satisfaction": 0.3193263718317138,
	"Shame": 0.07796120819792343,
	"Surprise (negative)": 0.20717504607292883,
	"Surprise (positive)": 0.1950710621694856,
	"Sympathy": 0.11180495183036117,
	"Tiredness": 0.14675637401686387,
	"Triumph": 0.06009914022316491
}
